title,date,summary,link,scraped_at,industry,symbols,symbol_count
"19:55 ET
			
			
				RKLB Investors Have Opportunity to Lead Rocket Lab USA, Inc. Securities Fraud Lawsuit",19:55 ET,"Rosen Law Firm, a global investor rights law firm, reminds purchasers of securities of Rocket Lab USA, Inc. (NASDAQ: RKLB) between November 12, 2024...",https://www.prnewswire.com/news-releases/rklb-investors-have-opportunity-to-lead-rocket-lab-usa-inc-securities-fraud-lawsuit-302429599.html,2025-04-15 20:01:41,technology,,0
"19:46 ET
			
			
				Maravai LifeSciences Holdings, Inc. Deadline Approaching:  Kessler Topaz Meltzer & Check, LLP Reminds Maravai LifeSciences Holdings, Inc. Investors of Deadline in Securities Fraud Class Action Lawsuit",19:46 ET,"The law firm of Kessler Topaz Meltzer & Check, LLP (www.ktmc.com) informs investors that a securities class action lawsuit has been filed against...",https://www.prnewswire.com/news-releases/maravai-lifesciences-holdings-inc-deadline-approaching--kessler-topaz-meltzer--check-llp-reminds-maravai-lifesciences-holdings-inc-investors-of-deadline-in-securities-fraud-class-action-lawsuit-302426963.html,2025-04-15 20:01:41,technology,CHING:KESSL,1
"19:45 ET
			
			
				VTRS Investors Have Opportunity to Lead Viatris Inc. Securities Fraud Lawsuit",19:45 ET,"Why: Rosen Law Firm, a global investor rights law firm, announces the filing of a class action lawsuit on behalf of purchasers of securities of...",https://www.prnewswire.com/news-releases/vtrs-investors-have-opportunity-to-lead-viatris-inc-securities-fraud-lawsuit-302427203.html,2025-04-15 20:01:41,technology,,0
"19:31 ET
			
			
				AuguStar Retirement unveils enhanced OrionShield annuities with new premium bonus options",19:31 ET,"AuguStar® Retirement, a Constellation company, announces today exciting new features of the popular OrionShieldSM annuities, propelling the company's ...",https://www.prnewswire.com/news-releases/augustar-retirement-unveils-enhanced-orionshield-annuities-with-new-premium-bonus-options-302429678.html,2025-04-15 20:01:41,technology,,0
"19:08 ET
			
			
				BLADEX FILES ANNUAL REPORT ON FORM 20-F",19:08 ET,"Banco Latinoamericano de Comercio Exterior, S.A. (""Bladex"" or ""the Bank"") announced today that the Bank filed its annual report on Form 20-F for the...",https://www.prnewswire.com/news-releases/bladex-files-annual-report-on-form-20-f-302429667.html,2025-04-15 20:01:41,technology,,0
"19:04 ET
			
			
				IPAX-Linz Study Reports Promising Efficacy for TLX101 Glioma Therapy Candidate",19:04 ET,"Telix Pharmaceuticals Limited (ASX: TLX, NASDAQ: TLX, Telix, the Company) today announces preliminary results from the Phase 2 IPAX-Linz study of...",https://www.prnewswire.com/news-releases/ipax-linz-study-reports-promising-efficacy-for-tlx101-glioma-therapy-candidate-302429665.html,2025-04-15 20:01:41,technology,,0
"19:01 ET
			
			
				M&T Bank Corporation Announces Quarterly Preferred Stock Dividends",19:01 ET,"M&T Bank Corporation (""M&T"") (NYSE: MTB) announced that it has declared quarterly cash dividends on the following series of perpetual preferred...",https://www.prnewswire.com/news-releases/mt-bank-corporation-announces-quarterly-preferred-stock-dividends-302429663.html,2025-04-15 20:01:41,technology,,0
"19:00 ET
NORTH AMERICA'S 50 BEST BARS DÉVOILE LA LISTE INAUGURALE DES BARS CLASSÉS DE LA 51-100 PLACE POUR 2025",19:00 ET,"North America's 50 Best Bars 2025, sponsorisé par Perrier, a révélé la liste inaugurale des 51-100. Cette liste élargie est le résultat des votes de...",https://www.prnewswire.com/news-releases/north-americas-50-best-bars-devoile-la-liste-inaugurale-des-bars-classes-de-la-51-100-place-pour-2025-302429451.html,2025-04-15 20:01:41,technology,,0
"19:00 ET
NORTH AMERICA'S 50 BEST BARS VERÖFFENTLICHT ERSTMALIGE LISTE DER BARS 2025 AUF DEN PLÄTZEN 51 BIS 100",19:00 ET,"North America's 50 Best Bars 2025, gesponsert von Perrier, hat die erste 51-100 Liste veröffentlicht. Diese erweiterte Liste ist das Ergebnis der...",https://www.prnewswire.com/news-releases/north-americas-50-best-bars-veroffentlicht-erstmalige-liste-der-bars-2025-auf-den-platzen-51-bis-100-302429438.html,2025-04-15 20:01:41,technology,,0
"19:00 ET
			
			
				NORTH AMERICA'S 50 BEST BARS UNVEILS INAUGURAL LIST OF BARS RANKED 51st TO 100th FOR 2025",19:00 ET,"North America's 50 Best Bars 2025, sponsored by Perrier, has revealed the inaugural 51-100 list. This extended list is the result of the votes cast...",https://www.prnewswire.com/news-releases/north-americas-50-best-bars-unveils-inaugural-list-of-bars-ranked-51st-to-100th-for-2025-302429631.html,2025-04-15 20:01:41,technology,,0
"19:00 ET
NORTH AMERICA'S 50 BEST BARS REVELA LA LISTA DE BARES CLASIFICADOS EN LOS PUESTOS DEL 51 AL 100 PARA 2025",19:00 ET,"North America's 50 Best Bars 2025, patrocinado por Perrier, reveló la lista inaugural de los clasificados en los puestos 51-100. Esta lista ampliada...",https://www.prnewswire.com/news-releases/north-americas-50-best-bars-revela-la-lista-de-bares-clasificados-en-los-puestos-del-51-al-100-para-2025-302429477.html,2025-04-15 20:01:41,technology,,0
"19:00 ET
			
			
				NORTH AMERICA'S 50 BEST BARS UNVEILS INAUGURAL LIST OF BARS RANKED 51st TO 100th FOR 2025",19:00 ET,"North America's 50 Best Bars 2025, sponsored by Perrier, has revealed the inaugural 51-100 list. This extended list is the result of the votes cast...",https://www.prnewswire.com/news-releases/north-americas-50-best-bars-unveils-inaugural-list-of-bars-ranked-51st-to-100th-for-2025-302429406.html,2025-04-15 20:01:41,technology,,0
"18:40 ET
			
			
				Pure Financial Advisors, LLC Deepens Midwest Presence with Acquisition of Fairhaven Wealth Management, LLC",18:40 ET,"Pure Financial Advisors, LLC (""Pure""), a San Diego, CA-based financial education, planning and investment advice company, announced it has acquired...",https://www.prnewswire.com/news-releases/pure-financial-advisors-llc-deepens-midwest-presence-with-acquisition-of-fairhaven-wealth-management-llc-302429655.html,2025-04-15 20:01:41,technology,,0
"18:38 ET
			
			
				CCA Industries, Inc. Reports Results of Operations for the Quarter ended February 28, 2025",18:38 ET,"CCA Industries, Inc. (OTC: CAWW), announced today its results for the three months ended February 28, 2025 which can be found in the chart below. The ...",https://www.prnewswire.com/news-releases/cca-industries-inc-reports-results-of-operations-for-the-quarter-ended-february-28-2025-302429654.html,2025-04-15 20:01:41,technology,,0
"18:30 ET
			
			
				Ellucian and KPMG Australia Create Alliance to Drive Better Student Outcomes in the Australian Tertiary Education Sector",18:30 ET,"Ellucian, the leading tertiary education technology solutions provider, today announced a new alliance with KPMG Australia. This alliance will help...",https://www.prnewswire.com/news-releases/ellucian-and-kpmg-australia-create-alliance-to-drive-better-student-outcomes-in-the-australian-tertiary-education-sector-302429382.html,2025-04-15 20:01:41,technology,,0
"18:29 ET
			
			
				New Found Gold Corp. Provides Queensway Gold Project Overview and Plans; Files Technical Report",18:29 ET,"VANCOUVER, BC, April 15, 2025 /PRNewswire/ - New Found Gold Corp. (""New Found Gold"" or the ""Company"") (TSXV: NFG) (NYSE-A: NFGC) is pleased provide...",https://www.prnewswire.com/news-releases/new-found-gold-corp-provides-queensway-gold-project-overview-and-plans-files-technical-report-302429650.html,2025-04-15 20:01:41,technology,TSXV:NFG,1
"18:09 ET
			
			
				XTI Aerospace Provides Full-Year 2024 Business Update and Outlines 2025 Strategic Momentum",18:09 ET,"XTI Aerospace, Inc. (NASDAQ: XTIA) (""XTI Aerospace,"" ""XTI"" or the ""Company""), a pioneer in xVTOL and powered-lift aircraft solutions, today provided...",https://www.prnewswire.com/news-releases/xti-aerospace-provides-full-year-2024-business-update-and-outlines-2025-strategic-momentum-302429643.html,2025-04-15 20:01:41,technology,"NASDAQ:XTIA, ASDAQ:XTIA",2
"17:43 ET
			
			
				U.S. Virgin Islands Makes a Bold Impression at Seatrade Cruise Global 2025",17:43 ET,"The U.S. Virgin Islands Department of Tourism concluded a highly successful week at Seatrade Cruise Global 2025, the cruise industry's leading annual ...",https://www.prnewswire.com/news-releases/us-virgin-islands-makes-a-bold-impression-at-seatrade-cruise-global-2025-302429629.html,2025-04-15 20:01:41,technology,,0
"17:42 ET
			
			
				RDP/MagPro Partnership Brings Production and Jobs to America",17:42 ET,"Rural Development Partners (RDP) awarded $17.5 million in New Markets Tax Credit (NMTC) financing to MagPro, LLC, a Nonferrous Metal Production and...",https://www.prnewswire.com/news-releases/rdpmagpro-partnership-brings-production-and-jobs-to-america-302429626.html,2025-04-15 20:01:41,technology,,0
"17:31 ET
			
			
				Takeda's ENTYVIO Continues Growth Trajectory in Ulcerative Colitis and Crohn's Disease | DelveInsight",17:31 ET,"DelveInsight's ""ENTYVIO Market Size, Forecast, and Market Insight Report"" highlights the details around ENTYVIO, a gut-selective biologic developed...",https://www.prnewswire.com/news-releases/takedas-entyvio-continues-growth-trajectory-in-ulcerative-colitis-and-crohns-disease--delveinsight-302428414.html,2025-04-15 20:01:41,technology,,0
"17:30 ET
			
			
				NexPoint Hospitality Trust and NexPoint Diversified Real Estate Trust Announce Expected Closing Date for Going Private Transaction",17:30 ET,"NexPoint Hospitality Trust (TSX-V: NHT.U) (""NHT"" or the ""REIT""1) and NexPoint Diversified Real Estate Trust (NYSE: NXDT) (""NXDT"") today announced the ...",https://www.prnewswire.com/news-releases/nexpoint-hospitality-trust-and-nexpoint-diversified-real-estate-trust-announce-expected-closing-date-for-going-private-transaction-302429619.html,2025-04-15 20:01:41,technology,,0
"17:30 ET
			
			
				ELSE NUTRITION PROVIDES BI-WEEKLY DEFAULT STATUS REPORT",17:30 ET,"VANCOUVER, BC, April 15, 2025 /PRNewswire/ - ELSE NUTRITION HOLDINGS INC. (TSX: BABY) (OTCQX: BABYF) (FSE: 0YL) (the ""Company"") is providing this...",https://www.prnewswire.com/news-releases/else-nutrition-provides-bi-weekly-default-status-report-302429605.html,2025-04-15 20:01:41,technology,,0
"17:19 ET
			
			
				3iQ Launches Solana Staking ETF (SOLQ), Backed by Lead Investors Including SkyBridge Capital",17:19 ET,"3iQ Corp. (""3iQ""), a global pioneer in digital asset investment solutions, today announced that the 3iQ Solana Staking ETF (Ticker: SOLQ) will begin...",https://www.prnewswire.com/news-releases/3iq-launches-solana-staking-etf-solq-backed-by-lead-investors-including-skybridge-capital-302429612.html,2025-04-15 20:01:41,technology,,0
"17:17 ET
Vantage Foundation besucht SOS-Kinderdorf Portugal: Vernachlässigung bekämpfen und den Kreislauf durchbrechen",17:17 ET,Vernachlässigung ist eine der am weitesten verbreiteten und dennoch gemeinhin übersehenen Bedrohungen für das Wohlergehen eines Kindes. Im Gegensatz...,https://www.prnewswire.com/news-releases/vantage-foundation-besucht-sos-kinderdorf-portugal-vernachlassigung-bekampfen-und-den-kreislauf-durchbrechen-302429608.html,2025-04-15 20:01:41,technology,,0
"17:13 ET
			
			
				Parker Waichman LLP Files One of the First NAION Eye Injury Cases against Novo Nordisk in the Superior Court of New Jersey, Middlesex County",17:13 ET,"Parker Waichman LLP, a nationally recognized law firm dedicated to representing victims of defective drugs and devices, recently filed a lawsuit...",https://www.prnewswire.com/news-releases/parker-waichman-llp-files-one-of-the-first-naion-eye-injury-cases-against-novo-nordisk-in-the-superior-court-of-new-jersey-middlesex-county-302429606.html,2025-04-15 20:01:41,technology,,0
"17:09 ET
			
			
				GALIANO GOLD PROVIDES NOTICE OF FIRST QUARTER 2025 RESULTS",17:09 ET,"VANCOUVER, BC, April 15, 2025 /PRNewswire/ - Galiano Gold Inc. (""Galiano"" or the ""Company"") (TSX: GAU) (NYSE American: GAU) is pleased to announce it ...",https://www.prnewswire.com/news-releases/galiano-gold-provides-notice-of-first-quarter-2025-results-302428421.html,2025-04-15 20:01:41,technology,,0
"17:02 ET
			
			
				BMI Exhibits at AACRAO 2025, Strengthening Partnerships in Higher Education",17:02 ET,The BMI Imaging Systems team attended the 110th Annual Meeting of the American Association of Collegiate Registrars and Admissions Officers (AACRAO)...,https://www.prnewswire.com/news-releases/bmi-exhibits-at-aacrao-2025-strengthening-partnerships-in-higher-education-302429588.html,2025-04-15 20:01:41,technology,,0
"17:00 ET
			
			
				Lithia & Driveway (LAD) Announces Chief Operating Officer Transition",17:00 ET,Lithia & Driveway (NYSE: LAD) has announced today that Adam Chamberlain will transition from his current role as Executive Vice President and Chief...,https://www.prnewswire.com/news-releases/lithia--driveway-lad-announces-chief-operating-officer-transition-302429578.html,2025-04-15 20:01:41,technology,NYSE:LAD,1
"17:00 ET
			
			
				Primis Financial Corp. Announces Date for First Quarter 2025 Earnings Release and Conference Call",17:00 ET,"Primis Financial Corp. (NASDAQ: FRST) (the ""Company"") today announced that it will release first quarter 2025 results after the market closes on...",https://www.prnewswire.com/news-releases/primis-financial-corp-announces-date-for-first-quarter-2025-earnings-release-and-conference-call-302429483.html,2025-04-15 20:01:41,technology,,0
"16:56 ET
			
			
				Rosen Law Firm Encourages Purchasers of Nike NFTs Issued by RTFKT, Inc. to Inquire About Class Action Investigation",16:56 ET,"Why: Rosen Law Firm, a global investor rights law firm, continues to investigate potential state and federal law claims on behalf of purchasers of...",https://www.prnewswire.com/news-releases/rosen-law-firm-encourages-purchasers-of-nike-nfts-issued-by-rtfkt-inc-to-inquire-about-class-action-investigation-302429433.html,2025-04-15 20:01:41,technology,WHY:ROSEN,1
"16:56 ET
			
			
				XP Investors Have Opportunity to Lead XP Inc. Securities Fraud Lawsuit",16:56 ET,"Why: Rosen Law Firm, a global investor rights law firm, continues to investigate potential securities claims on behalf of shareholders of XP Inc....",https://www.prnewswire.com/news-releases/xp-investors-have-opportunity-to-lead-xp-inc-securities-fraud-lawsuit-302429430.html,2025-04-15 20:01:41,technology,WHY:ROSEN,1
"16:48 ET
La World Phygital Community (Communauté mondiale du phygital) annonce la saison 2025/2026 des tournois mondiaux de qualification",16:48 ET,La World Phygital Community (WPC) a annoncé aujourd'hui la saison 2025/2026 des tournois de classement destinés aux athlètes et aux clubs souhaitant...,https://www.prnewswire.com/news-releases/la-world-phygital-community-communaute-mondiale-du-phygital-annonce-la-saison-20252026-des-tournois-mondiaux-de-qualification-302429582.html,2025-04-15 20:01:41,technology,,0
"16:47 ET
			
			
				OVBC ANNOUNCES CASH DIVIDEND",16:47 ET,"Ohio Valley Banc Corp. [Nasdaq: OVBC] Board of Directors declared a cash dividend of $0.23 per common share payable on May 10, 2025, to shareholders...",https://www.prnewswire.com/news-releases/ovbc-announces-cash-dividend-302429581.html,2025-04-15 20:01:41,technology,,0
"16:41 ET
			
			
				To the Cloud Vapor Store Announces Annual 420 Vaporizer Sale Honoring Cannabis Culture",16:41 ET,"To the Cloud Vapor Store, a leading online retailer of premium vaporizers, has announced its annual 420 Vaporizer Sale, offering some of the steepest ...",https://www.prnewswire.com/news-releases/to-the-cloud-vapor-store-announces-annual-420-vaporizer-sale-honoring-cannabis-culture-302429577.html,2025-04-15 20:01:41,technology,,0
"16:34 ET
			
			
				Serial Entrepreneur Cameron Forni Seeks to Disrupt The $200B Functional Beverage Space",16:34 ET,ADAPTAPHORIA (Global Can Beverages) the new beverage company launched by modern socializer Cameron Forni is more than just a beverage— it's a...,https://www.prnewswire.com/news-releases/serial-entrepreneur-cameron-forni-seeks-to-disrupt-the-200b-functional-beverage-space-302429570.html,2025-04-15 20:01:41,technology,,0
"16:30 ET
			
			
				INTERCORP FINANCIAL SERVICES, INC. TO HOST FIRST QUARTER 2025 EARNINGS CONFERENCE CALL & VIDEO WEBCAST PRESENTATION",16:30 ET,"Intercorp Financial Services Inc. (""IFS"" or ""the Company"") (BVL/NYSE: IFS) announced today that it will host its First Quarter 2025 earnings...",https://www.prnewswire.com/news-releases/intercorp-financial-services-inc-to-host-first-quarter-2025-earnings-conference-call--video-webcast-presentation-302429335.html,2025-04-15 20:01:41,technology,,0
"16:30 ET
			
			
				NEUBERGER BERMAN MUNICIPAL FUND ANNOUNCES MONTHLY DISTRIBUTION",16:30 ET,"Neuberger Berman Municipal Fund Inc. (NYSE American: NBH) (the ""Fund"") has announced a distribution declaration of $0.05417 per share of common stock....",https://www.prnewswire.com/news-releases/neuberger-berman-municipal-fund-announces-monthly-distribution-302429295.html,2025-04-15 20:01:41,technology,,0
"16:30 ET
			
			
				Nelnet to Announce First Quarter Results",16:30 ET,"Nelnet, Inc. (NYSE: NNI) today announced it will release earnings for the first quarter ended March 31, 2025, after the close of the New York Stock...",https://www.prnewswire.com/news-releases/nelnet-to-announce-first-quarter-results-302429346.html,2025-04-15 20:01:41,technology,,0
"16:30 ET
			
			
				Markel Group to give a presentation at the beginning of its annual Omaha Brunch",16:30 ET,"Markel Group Inc. (NYSE: MKL) will hold its annual ""Omaha Brunch,"" an event at which the company's leaders take questions from investors, on Sunday,...",https://www.prnewswire.com/news-releases/markel-group-to-give-a-presentation-at-the-beginning-of-its-annual-omaha-brunch-302429553.html,2025-04-15 20:01:41,technology,,0
"16:30 ET
			
			
				Markel Group to give a presentation at the beginning of its annual Omaha Brunch",16:30 ET,"Markel Group Inc. (NYSE: MKL) will hold its annual ""Omaha Brunch,"" an event at which the company's leaders take questions from investors, on Sunday,...",https://www.prnewswire.com/news-releases/markel-group-to-give-a-presentation-at-the-beginning-of-its-annual-omaha-brunch-302429545.html,2025-04-15 20:01:41,technology,,0
"16:30 ET
			
			
				BPAS Achieves CEFEX Certification",16:30 ET,"PAS, a leading national provider of retirement plans, benefit plans, fund administration, and collective investment trusts, announced today it has...",https://www.prnewswire.com/news-releases/bpas-achieves-cefex-certification-302429424.html,2025-04-15 20:01:41,technology,,0
"16:30 ET
			
			
				MSA Safety Schedules First Quarter 2025 Earnings Conference Call",16:30 ET,"MSA Safety Incorporated (NYSE: MSA), a global leader in the development of advanced safety products and solutions that protect people and facility...",https://www.prnewswire.com/news-releases/msa-safety-schedules-first-quarter-2025-earnings-conference-call-302429437.html,2025-04-15 20:01:41,technology,,0
"16:30 ET
			
			
				Fulton Financial Corporation Announces First Quarter 2025 Results",16:30 ET,"Fulton Financial Corporation (NASDAQ: FULT) (""Fulton"" or the ""Corporation"") reported net income available to common shareholders of $90.4 million, or ...",https://www.prnewswire.com/news-releases/fulton-financial-corporation-announces-first-quarter-2025-results-302429444.html,2025-04-15 20:01:41,technology,"NASDAQ:FULT, ASDAQ:FULT",2
"16:29 ET
			
			
				EMERGENCY HEALTH WORKERS JOIN TEAMSTERS LOCAL 120",16:29 ET,"A group of 15 paramedics, EMTs, and other emergency health professionals who work for the City of Sturgis, South Dakota, have voted to unionize with...",https://www.prnewswire.com/news-releases/emergency-health-workers-join-teamsters-local-120-302429567.html,2025-04-15 20:01:41,technology,,0
"16:23 ET
			
			
				Semtech Corporation (SMTC) Investors Who Lost Money Have Opportunity to Lead Securities Fraud Lawsuit",16:23 ET,"The Law Offices of Frank R. Cruz announces that investors with losses related to Semtech Corporation (""Semtech"" or the ""Company"") (NASDAQ: SMTC) have ...",https://www.prnewswire.com/news-releases/semtech-corporation-smtc-investors-who-lost-money-have-opportunity-to-lead-securities-fraud-lawsuit-302429416.html,2025-04-15 20:01:41,technology,"NASDAQ:SMTC, ASDAQ:SMTC",2
"16:22 ET
			
			
				Maravai LifeSciences Holdings, Inc. (MRVI) Investors Who Lost Money Have Opportunity to Lead Securities Fraud Lawsuit",16:22 ET,"The Law Offices of Frank R. Cruz announces that investors with losses related to Maravai LifeSciences Holdings, Inc. (""Maravai"" or the ""Company"")...",https://www.prnewswire.com/news-releases/maravai-lifesciences-holdings-inc-mrvi-investors-who-lost-money-have-opportunity-to-lead-securities-fraud-lawsuit-302429434.html,2025-04-15 20:01:41,technology,,0
"16:21 ET
			
			
				McGinnis Lochridge Wins $5.9M Verdict in High-Stakes Fiduciary Duty Case",16:21 ET,"McGinnis Lochridge partners Jonathan Baughman and William Grubb delivered a resounding victory on April 11, securing a $5.9 million jury verdict for...",https://www.prnewswire.com/news-releases/mcginnis-lochridge-wins-5-9m-verdict-in-high-stakes-fiduciary-duty-case-302429563.html,2025-04-15 20:01:41,technology,,0
"16:21 ET
			
			
				Ready Capital Corporation (RC) Investors Who Lost Money Have Opportunity to Lead Securities Fraud Lawsuit",16:21 ET,The Law Offices of Howard G. Smith announces that investors with substantial losses have opportunity to lead the securities fraud class action...,https://www.prnewswire.com/news-releases/ready-capital-corporation-rc-investors-who-lost-money-have-opportunity-to-lead-securities-fraud-lawsuit-302429400.html,2025-04-15 20:01:41,technology,,0
"16:20 ET
			
			
				Quantum Computing Inc. (QUBT) Investors Who Lost Money Have Opportunity to Lead Securities Fraud Lawsuit",16:20 ET,Glancy Prongay & Murray LLP announces that investors with losses have opportunity to lead the securities fraud class action lawsuit against Quantum...,https://www.prnewswire.com/news-releases/quantum-computing-inc-qubt-investors-who-lost-money-have-opportunity-to-lead-securities-fraud-lawsuit-302429377.html,2025-04-15 20:01:41,technology,,0
"16:18 ET
			
			
				Dendi and Molecular Lab Partners Announce Strategic Partnership to Empower Labs Nationwide",16:18 ET,"Dendi, a leading cloud-native laboratory information system (LIS) provider, is excited to announce a strategic partnership with Molecular Lab...",https://www.prnewswire.com/news-releases/dendi-and-molecular-lab-partners-announce-strategic-partnership-to-empower-labs-nationwide-302429560.html,2025-04-15 20:01:41,technology,,0
"16:16 ET
			
			
				Enova Announces Date of First Quarter 2025 Financial Results Conference Call",16:16 ET,"Enova International (NYSE: ENVA), a leading financial services company powered by machine learning and world-class analytics, today announced the...",https://www.prnewswire.com/news-releases/enova-announces-date-of-first-quarter-2025-financial-results-conference-call-302429359.html,2025-04-15 20:01:41,technology,,0
"16:15 ET
			
			
				Midland Manufacturing Launches New Gauge Device Online Tool for Railcar Industry",16:15 ET,"Midland Manufacturing, part of OPW's Fluid Transfer Solutions business unit and Dover (NYSE: DOV), today announced the launch of its Gauge Device...",https://www.prnewswire.com/news-releases/midland-manufacturing-launches-new-gauge-device-online-tool-for-railcar-industry-302429188.html,2025-04-15 20:01:41,technology,NYSE:DOV,1
"16:15 ET
			
			
				Universal Logistics Holdings, Inc. Recognized as 2024 Supplier of the Year by General Motors",16:15 ET,"Universal Logistics Holdings, Inc. (NASDAQ: ULH) was named a 2024 Supplier of the Year by General Motors (""GM""). GM celebrated honorees at its 33rd...",https://www.prnewswire.com/news-releases/universal-logistics-holdings-inc-recognized-as-2024-supplier-of-the-year-by-general-motors-302429429.html,2025-04-15 20:01:41,technology,,0
"16:15 ET
			
			
				Securitize Acquires MG Stover's Fund Administration Business to Become the Largest Digital Asset Fund Administrator",16:15 ET,"Securitize, the leading platform for real-world asset tokenization, has announced the acquisition of MG Stover's Fund Administration business, the...",https://www.prnewswire.com/news-releases/securitize-acquires-mg-stovers-fund-administration-business-to-become-the-largest-digital-asset-fund-administrator-302429532.html,2025-04-15 20:01:41,technology,,0
"16:15 ET
			
			
				Bank First Announces Net Income for the First Quarter of 2025",16:15 ET,"Bank First Corporation (NASDAQ: BFC) (""Bank First"" or the ""Bank""), the holding company for Bank First, N.A., reported net income of $18.2 million, or ...",https://www.prnewswire.com/news-releases/bank-first-announces-net-income-for-the-first-quarter-of-2025-302428677.html,2025-04-15 20:01:41,technology,,0
"16:15 ET
			
			
				Sun Life receives Crystal Award from USA Today for five consecutive years as a Top Place to Work",16:15 ET,"Sun Life U.S. has been named a 2025 USA Today Top Place to Work, receiving the Crystal Award for five consecutive years on the list. The award is...",https://www.prnewswire.com/news-releases/sun-life-receives-crystal-award-from-usa-today-for-five-consecutive-years-as-a-top-place-to-work-302429546.html,2025-04-15 20:01:41,technology,,0
"16:13 ET
World Phygital Community anuncia la temporada 2025/2026 del Torneo Clasificatorio Global",16:13 ET,"Hoy, la World Phygital Community (WPC) anuncia la temporada 2025/2026 de torneos de clasificación para atletas y clubes que aspiran a clasificarse...",https://www.prnewswire.com/news-releases/world-phygital-community-anuncia-la-temporada-20252026-del-torneo-clasificatorio-global-302429555.html,2025-04-15 20:01:41,technology,,0
"16:11 ET
			
			
				Rosen Law Firm Encourages Eldorado Gold Corporation Investors to Inquire About Securities Class Action Investigation - EGO",16:11 ET,"Why: New York, N.Y., April 15, 2025. Rosen Law Firm, a global investor rights law firm, announces an investigation of potential securities claims on...",https://www.prnewswire.com/news-releases/rosen-law-firm-encourages-eldorado-gold-corporation-investors-to-inquire-about-securities-class-action-investigation--ego-302429299.html,2025-04-15 20:01:41,technology,WHY:NEW,1
"16:10 ET
			
			
				Globe Life Inc. Announces Virtual 2025 Annual Meeting of Shareholders",16:10 ET,"Globe Life Inc. (NYSE: GL) announces the live audio webcast of its 2025 Annual Meeting of Shareholders, on Thursday, April 24, 2025 at 10:00am...",https://www.prnewswire.com/news-releases/globe-life-inc-announces-virtual-2025-annual-meeting-of-shareholders-302429138.html,2025-04-15 20:01:41,technology,,0
"16:10 ET
			
			
				Driving IT Transformation in Michigan: IGNITE 2025 event from Info-Tech Research Group Set for May in Detroit",16:10 ET,"On May 7, 2025, global research and advisory firm Info-Tech Research Group will bring its popular IGNITE series to Detroit, Michigan. The one-day...",https://www.prnewswire.com/news-releases/driving-it-transformation-in-michigan-ignite-2025-event-from-info-tech-research-group-set-for-may-in-detroit-302429552.html,2025-04-15 20:01:41,technology,HIGAN:IGNIT,1
"16:06 ET
			
			
				STAG INDUSTRIAL TO ISSUE $550 MILLION OF SENIOR UNSECURED NOTES",16:06 ET,"STAG Industrial, Inc. (the ""Company"") (NYSE:STAG) today announced that it entered into a note purchase agreement to issue $550 million of fixed rate...",https://www.prnewswire.com/news-releases/stag-industrial-to-issue-550-million-of-senior-unsecured-notes-302429418.html,2025-04-15 20:01:41,technology,,0
"16:06 ET
			
			
				Revolutionizing Rentals: CMAsnap Brings its CMA Tech to the Property Management World",16:06 ET,"Valuease, Inc., a rising innovator in the property technology sector and the company behind the powerful Comparative Market Analysis (CMA) tool...",https://www.prnewswire.com/news-releases/revolutionizing-rentals-cmasnap-brings-its-cma-tech-to-the-property-management-world-302429550.html,2025-04-15 20:01:41,technology,NTALS:CMASN,1
"16:05 ET
			
			
				Kroger Appoints Key Retail Leaders",16:05 ET,"The Kroger Co. (NYSE: KR) today announced several appointments of experienced enterprise leaders to retail roles. Kroger appointed Joe Kelley,...",https://www.prnewswire.com/news-releases/kroger-appoints-key-retail-leaders-302429140.html,2025-04-15 20:01:41,technology,NYSE:KR,1
"16:05 ET
			
			
				The Andersons, Inc. to Release First Quarter Results on May 6",16:05 ET,"The Andersons, Inc. (Nasdaq: ANDE) will release its financial results for the first quarter 2025 after 4 p.m. Eastern on Tuesday, May 6, 2025. The...",https://www.prnewswire.com/news-releases/the-andersons-inc-to-release-first-quarter-results-on-may-6-302429324.html,2025-04-15 20:01:41,technology,,0
"16:05 ET
			
			
				Astrana Health, Inc. Schedules 2025 First Quarter Financial Results Release and Conference Call",16:05 ET,"Astrana Health, Inc. (""Astrana,"" and together with its subsidiaries and affiliated entities, the ""Company"") (NASDAQ: ASTH), a leading...",https://www.prnewswire.com/news-releases/astrana-health-inc-schedules-2025-first-quarter-financial-results-release-and-conference-call-302429405.html,2025-04-15 20:01:41,technology,,0
"16:05 ET
			
			
				FIRST FINANCIAL BANKSHARES TO LIVE STREAM ANNUAL MEETING ON TUESDAY, APRIL 29, 2025",16:05 ET,"First Financial Bankshares, Inc. (NASDAQ: FFIN) will hold its 2025 Annual Shareholders' Meeting on April 29, 2025, at 10:30 a.m. Central time. The...",https://www.prnewswire.com/news-releases/first-financial-bankshares-to-live-stream-annual-meeting-on-tuesday-april-29-2025-302429521.html,2025-04-15 20:01:41,technology,,0
"16:05 ET
			
			
				Smartkem to Premiere MicroLED Smart Backlight Demonstration for Next Generation LCD Displays in Automotive Industry",16:05 ET,"Smartkem (Nasdaq: SMTK), which is seeking to change the world of electronics with a new class of transistor technology, has unveiled at the Touch...",https://www.prnewswire.com/news-releases/smartkem-to-premiere-microled-smart-backlight-demonstration-for-next-generation-lcd-displays-in-automotive-industry-302429543.html,2025-04-15 20:01:41,technology,"ASDAQ:SMTK, NASDAQ:SMTK",2
"16:05 ET
			
			
				Zillow Group to Announce First-Quarter 2025 Results May 7",16:05 ET,"Zillow Group, Inc. (Nasdaq: Z and ZG) today announced it will release first-quarter 2025 financial results after market close on Wednesday, May 7,...",https://www.prnewswire.com/news-releases/zillow-group-to-announce-first-quarter-2025-results-may-7-302428700.html,2025-04-15 20:01:41,technology,,0
"16:05 ET
			
			
				CYMAT ANNOUNCES TSX-V APPROVAL OF $1.3 M PRIVATE PLACEMENT FINANCING",16:05 ET,"MISSISSAUGA, On, April 15, 2025 /PRNewswire/ - Cymat Technologies Ltd. (TSXV: CYM) (OTCQB: CYMHF) (the ""Company"" or ""Cymat""). Today Cymat announced...",https://www.prnewswire.com/news-releases/cymat-announces-tsx-v-approval-of-1-3-m-private-placement-financing-302429496.html,2025-04-15 20:01:41,technology,"TSXV:CYM, OTCQB:CYMHF",2
"16:05 ET
			
			
				Resideo to Release First Quarter 2025 Financial Results on May 6, 2025",16:05 ET,"Resideo Technologies, Inc. (NYSE: REZI), a leading global manufacturer, developer, and distributor of technology-driven sensing and controls products ...",https://www.prnewswire.com/news-releases/resideo-to-release-first-quarter-2025-financial-results-on-may-6-2025-302429302.html,2025-04-15 20:01:41,technology,NYSE:REZI,1
"16:05 ET
			
			
				Flamingo Therapeutics Announces Poster Presentation on the Immune-Modulatory Effects of Danvatirsen at the American Association for Cancer Research (AACR) Annual Meeting",16:05 ET,"Flamingo Therapeutics (""Flamingo"") today announced that an abstract has been accepted for presentation at the American Association for Cancer...",https://www.prnewswire.com/news-releases/flamingo-therapeutics-announces-poster-presentation-on-the-immune-modulatory-effects-of-danvatirsen-at-the-american-association-for-cancer-research-aacr-annual-meeting-302429370.html,2025-04-15 20:01:41,technology,,0
"16:03 ET
			
			
				Omnicom Reports First Quarter 2025 Results",16:03 ET,"Omnicom (NYSE: OMC) today announced results for the quarter ended March 31, 2025. ""Organic revenue growth for the first quarter was 3.4%. We are...",https://www.prnewswire.com/news-releases/omnicom-reports-first-quarter-2025-results-302429523.html,2025-04-15 20:01:41,technology,,0
"16:00 ET
			
			
				United Airlines Reports Best First-Quarter Financial Performance in Five Years Despite Challenging Macroeconomic Environment",16:00 ET,"United Airlines (UAL) today reported its best first-quarter financial results in the past five years, despite a challenging macroeconomic environment....",https://www.prnewswire.com/news-releases/united-airlines-reports-best-first-quarter-financial-performance-in-five-years-despite-challenging-macroeconomic-environment-302429540.html,2025-04-15 20:01:41,technology,,0
"16:00 ET
			
			
				California Commission on Teacher Credentialing Reports Positive Gains in Teacher Workforce with Increase of New Credentials Issued",16:00 ET,"The California Commission on Teacher Credentialing reports a rise in the number of newly issued teaching credentials in the 2023-24 academic year,...",https://www.prnewswire.com/news-releases/california-commission-on-teacher-credentialing-reports-positive-gains-in-teacher-workforce-with-increase-of-new-credentials-issued-302429472.html,2025-04-15 20:01:41,technology,,0
"16:00 ET
			
			
				Bakkt INVESTOR ALERT: Bronstein, Gewirtz & Grossman LLC Announces that Bakkt Holdings, Inc. Investors with Substantial Losses Have Opportunity to Lead Class Action Lawsuit",16:00 ET,"Attorney Advertising -- Bronstein, Gewirtz & Grossman, LLC, a nationally recognized law firm, notifies investors that a class action lawsuit has been ...",https://www.prnewswire.com/news-releases/bakkt-investor-alert-bronstein-gewirtz--grossman-llc-announces-that-bakkt-holdings-inc-investors-with-substantial-losses-have-opportunity-to-lead-class-action-lawsuit-302420531.html,2025-04-15 20:01:41,technology,,0
"16:00 ET
			
			
				Skyworks Solutions, Inc. Deadline Approaching:  Kessler Topaz Meltzer & Check, LLP Reminds Skyworks Solutions, Inc. Investors of Deadline in Securities Fraud Class Action Lawsuit",16:00 ET,"The law firm of Kessler Topaz Meltzer & Check, LLP (www.ktmc.com) informs investors that a securities class action lawsuit has been filed against...",https://www.prnewswire.com/news-releases/skyworks-solutions-inc-deadline-approaching--kessler-topaz-meltzer--check-llp-reminds-skyworks-solutions-inc-investors-of-deadline-in-securities-fraud-class-action-lawsuit-302426966.html,2025-04-15 20:01:41,technology,CHING:KESSL,1
"15:52 ET
			
			
				Qorvis Thought Leaders Featured in Global Media in Q1 2025",15:52 ET,"From Washington to Brussels to the Black Sea, Qorvis advisors have been actively shaping public discourse during a critical period of geopolitical...",https://www.prnewswire.com/news-releases/qorvis-thought-leaders-featured-in-global-media-in-q1-2025-302429538.html,2025-04-15 20:01:41,technology,,0
"15:51 ET
			
			
				Icon Property Tax Launches Full-Service, No-Upfront-Fee Appeal Solution for Homeowners and Businesses",15:51 ET,"Icon Property Tax has officially launched its comprehensive property insights dashboard, making it easier than ever for residential and commercial...",https://www.prnewswire.com/news-releases/icon-property-tax-launches-full-service-no-upfront-fee-appeal-solution-for-homeowners-and-businesses-302429533.html,2025-04-15 20:01:41,technology,,0
"15:48 ET
			
			
				The Country of Beauty Will Reveal Hidden Destinations to the World with Renovated Airstrips",15:48 ET,"""Runways of Hidden Beauty"" is a campaign that highlights the country's natural and cultural richness, positioning Colombia as a top-tier travel...",https://www.prnewswire.com/news-releases/the-country-of-beauty-will-reveal-hidden-destinations-to-the-world-with-renovated-airstrips-302429530.html,2025-04-15 20:01:41,technology,,0
"15:44 ET
			
			
				FOX NEWS DIGITAL CONTINUES TO TOP BROADCAST NETWORKS AND ALL MAJOR NEWS ORGANIZATIONS WITH MULTIPLATFORM VIEWS AND MINUTES DURING FIRST QUARTER 2025",15:44 ET,FOX News Digital finished the first quarter of 2025 topping broadcast networks and outperforming the competitive set in both multiplatform views and...,https://www.prnewswire.com/news-releases/fox-news-digital-continues-to-top-broadcast-networks-and-all-major-news-organizations-with-multiplatform-views-and-minutes-during-first-quarter-2025-302429524.html,2025-04-15 20:01:41,technology,,0
"15:42 ET
			
			
				MOON VALLEY NURSERIES NAMES JAMES HANISON AS CHIEF OPERATIONS OFFICER",15:42 ET,"Moon Valley Nurseries, the nation's largest fully-integrated nursery, has appointed James Hanison as chief operations officer. Hanison now oversees...",https://www.prnewswire.com/news-releases/moon-valley-nurseries-names-james-hanison-as-chief-operations-officer-302429522.html,2025-04-15 20:01:41,technology,,0
"15:33 ET
			
			
				NASDAQ: ZYXI INVESTOR ALERT: Berger Montague Advises Zynex (NASDAQ: ZYXI) Investors of a May 19, 2025 Deadline",15:33 ET,"Berger Montague PC advises investors that a securities class action lawsuit has been filed against Zynex, Inc. (""Zynex"" or the ""Company"") (NASDAQ:...",https://www.prnewswire.com/news-releases/nasdaq-zyxi-investor-alert-berger-montague-advises-zynex-nasdaq-zyxi-investors-of-a-may-19-2025-deadline-302429273.html,2025-04-15 20:01:41,technology,"NASDAQ:ZYXI, ASDAQ:ZYXI, ALERT:BERGE",3
"15:23 ET
			
			
				Unifi expands UK Operations with Ground Handling and Security Contracts at London Oxford Airport",15:23 ET,Unifi has secured its first business aviation ground handling contract and its third Fixed Base Operation/FBO security contract in the United...,https://www.prnewswire.com/news-releases/unifi-expands-uk-operations-with-ground-handling-and-security-contracts-at-london-oxford-airport-302429498.html,2025-04-15 20:01:41,technology,,0
"15:23 ET
			
			
				The Military & Veterans Entertainment Awards (MVA Awards)",15:23 ET,"National Entertainment Awards Academy for Military and Veterans (NEAAMV) Event Date: Saturday, May 24, 2025, 4:30 PM - 11 PM Location: The Beverly...",https://www.prnewswire.com/news-releases/the-military--veterans-entertainment-awards-mva-awards-302429497.html,2025-04-15 20:01:41,technology,"ATION:THE, DATE:SATUR",2
"15:20 ET
			
			
				Carbliss Wins Wine & Spirits Hot Brand Award for Explosive Double-Digit Growth in 2022, 2023 and 2024",15:20 ET,"Carbliss, the pioneering ready-to-drink cocktail company that has revolutionized the ready-to-drink (RTD) category, has been awarded the prestigious...",https://www.prnewswire.com/news-releases/carbliss-wins-wine--spirits-hot-brand-award-for-explosive-double-digit-growth-in-2022-2023-and-2024-302429492.html,2025-04-15 20:01:41,technology,,0
"15:02 ET
Strategische planning, governance en procesorkestratie cruciaal voor AI-implementatiesucces, volgens wereldwijd onderzoek van SS&C",15:02 ET,"SS&C Technologies Holdings, Inc. (Nasdaq: SSNC) heeft vandaag de resultaten van een nieuw onderzoek bekendgemaakt: Governance, procesorkestratie en...",https://www.prnewswire.com/news-releases/strategische-planning-governance-en-procesorkestratie-cruciaal-voor-ai-implementatiesucces-volgens-wereldwijd-onderzoek-van-ssc-302429474.html,2025-04-15 20:01:41,technology,"ASDAQ:SSNC, NASDAQ:SSNC, MAAKT:GOVER",3
"15:01 ET
			
			
				Brit+Co Entertainment Editor, Chloe Williams, On ""When Hope Calls,"" ""Yellowstone,"" and ""1923""",15:01 ET,"Brit+Co writer, Chloe Williams, recently published a story about fans who love Yellowstone and 1923 should watch Great American Media's original...",https://www.prnewswire.com/news-releases/britco-entertainment-editor-chloe-williams-on-when-hope-calls-yellowstone-and-1923-302429471.html,2025-04-15 20:01:41,technology,,0
"15:00 ET
			
			
				Awesome Motive Backed WPBeginner Growth Fund Acquires aThemes to Help Small Businesses Improve Web Presence with Beautiful WordPress Themes",15:00 ET,"WPBeginner Growth Fund, a leading investment fund specializing in B2B software businesses backed by Awesome Motive is thrilled to announce its full...",https://www.prnewswire.com/news-releases/awesome-motive-backed-wpbeginner-growth-fund-acquires-athemes-to-help-small-businesses-improve-web-presence-with-beautiful-wordpress-themes-302429457.html,2025-04-15 20:01:41,technology,,0
"14:59 ET
			
			
				Noted reading scholar Jessica Toste, Ph.D., appointed editor-in-chief of The Reading League Journal",14:59 ET,"The Reading League has named noted reading scholar Jessica Toste, Ph.D., its newest editor-in-chief of The Reading League Journal, the premier...",https://www.prnewswire.com/news-releases/noted-reading-scholar-jessica-toste-phd-appointed-editor-in-chief-of-the-reading-league-journal-302429453.html,2025-04-15 20:01:41,technology,,0
"14:58 ET
			
			
				BioNJ Announces Lineup for BioPartnering Conference",14:58 ET,"BioNJ is proud to present its 15th Annual BioPartnering Conference on Tuesday, May 13, at the Liberty Science Center in Jersey City. We're especially ...",https://www.prnewswire.com/news-releases/bionj-announces-lineup-for-biopartnering-conference-302429465.html,2025-04-15 20:01:41,technology,,0
"14:53 ET
			
			
				Last Chance for Animals Lauds Secretary Kennedy's Plan to Phase out FDA Animal Testing Requirements",14:53 ET,"Animal rights organization thanks Trump Administration for ending decades of government-sanctioned animal abuse LOS ANGELES, April 15, 2025...",https://www.prnewswire.com/news-releases/last-chance-for-animals-lauds-secretary-kennedys-plan-to-phase-out-fda-animal-testing-requirements-302429455.html,2025-04-15 20:01:41,technology,,0
"14:50 ET
			
			
				Georgia Natural Gas invites community to recycle electronics FREE at Lenox Square in honor of Earth Day, Saturday, April 26th",14:50 ET,"This Earth Day, Atlanta residents and businesses can be environmental stewards by joining Georgia Natural Gas at Lenox Square to dispose of unwanted...",https://www.prnewswire.com/news-releases/georgia-natural-gas-invites-community-to-recycle-electronics-free-at-lenox-square-in-honor-of-earth-day-saturday-april-26th-302429450.html,2025-04-15 20:01:41,technology,,0
"14:45 ET
Společnost Hisense představuje na 137. veletrhu v Kantonu řešení pro chytrou domácnost s umělou inteligencí",14:45 ET,"Společnost Hisense, vedoucí světový podnik v oblasti spotřební elektroniky a domácích spotřebičů, představuje své poslední novinky na 137. kantonském ...",https://www.prnewswire.com/news-releases/spolenost-hisense-pedstavuje-na-137-veletrhu-v-kantonu-eeni-pro-chytrou-domacnost-s-umlou-inteligenci-302429443.html,2025-04-15 20:01:41,technology,,0
"14:45 ET
			
			
				NYC Weight Loss and IV Therapy Infusion Specialists at IV DRIPS Unveil ""The DROP Method""--A Groundbreaking, Sustainable Approach to GLP-1 Weight Loss",14:45 ET,"As the use of GLP-1 medications like Ozempic® and Mounjaro® surges in the U.S., IV DRIPS Customized IV Hydration & Wellness is proud to unveil The...",https://www.prnewswire.com/news-releases/nyc-weight-loss-and-iv-therapy-infusion-specialists-at-iv-drips-unveil-the-drop-methoda-groundbreaking-sustainable-approach-to-glp-1-weight-loss-302429289.html,2025-04-15 20:01:41,technology,,0
"14:44 ET
			
			
				Celebrated Intellectual Property Attorney Malaika Tyson Joins Lathrop GPM's Chicago Office",14:44 ET,Lathrop GPM LLP is proud to announce that Malaika Tyson has joined the firm as a partner in the Intellectual Property practice group. She will be...,https://www.prnewswire.com/news-releases/celebrated-intellectual-property-attorney-malaika-tyson-joins-lathrop-gpms-chicago-office-302429284.html,2025-04-15 20:01:41,technology,,0
"14:44 ET
			
			
				Demetree Global Strengthens Central Florida Presence with Baldwin Park Office Building Acquisition",14:44 ET,"Demetree Global is pleased to announce the acquisition of a 44,478-square-foot office building located at 4798 New Broad Street in the heart of...",https://www.prnewswire.com/news-releases/demetree-global-strengthens-central-florida-presence-with-baldwin-park-office-building-acquisition-302429442.html,2025-04-15 20:01:41,technology,,0
"14:41 ET
			
			
				Oil and Gas Asset Clearinghouse Announces Allen Gilmer as Principal Partner",14:41 ET,"Oil and Gas Asset Clearinghouse (OGAC), a recognized leader in the sale of oil and gas properties, is excited to formally announce Allen Gilmer as...",https://www.prnewswire.com/news-releases/oil-and-gas-asset-clearinghouse-announces-allen-gilmer-as-principal-partner-302428260.html,2025-04-15 20:01:41,technology,,0
"14:37 ET
			
			
				SMTC Deadline: SMTC Investors With Losses in Excess of $100K Have Opportunity to Lead Semtech Corporation Securities Fraud Lawsuit",14:37 ET,"Why: Rosen Law Firm, a global investor rights law firm, reminds purchasers of securities of Semtech Corporation (NASDAQ: SMTC) between August 27,...",https://www.prnewswire.com/news-releases/smtc-deadline-smtc-investors-with-losses-in-excess-of-100k-have-opportunity-to-lead-semtech-corporation-securities-fraud-lawsuit-302429242.html,2025-04-15 20:01:41,technology,"WHY:ROSEN, NASDAQ:SMTC, DLINE:SMTC",3
